Segment,TotalSales,TotalProfit,TotalCustomers,AvgOrderValue,AvgMargin
Consumer,1161401.345,134119.2092,409,223.73364380658833,11.2
Corporate,706146.3668,91979.134,236,233.82330026490064,12.1
Home Office,429653.1485,60298.6785,148,240.97204066180595,14.3
